index,uuid_story
0,04d4cd4b-8f57-4910-8cff-cfd34ca6bf46
1,0674b792-c2c2-44c3-946e-701bc80444d4
2,008314a5-2c82-40eb-aa56-21320d2a033e
3,019338f8-a123-430e-a6ce-5976cc68856f
4,082082b4-2280-4b9e-8e08-5c0bcc09e116
5,015d63e8-c6aa-42d8-b26e-a6a0903e38c3
6,019ad897-7345-41f6-832d-2735f1c0a9d7
8,05ddc45a-9c4e-4dec-a99a-f919b35ecc15
9,025f14d6-e76f-473a-9b76-fee469ca1c31
10,010855ed-d937-4746-b1d0-27c9c5a26994
11,011f284f-55e2-4f74-9288-6ff83002d0f5
12,07fac2d6-a49d-4bc0-9461-749b8f699bb7
13,04bb7417-f836-429b-93f7-c2b62ae8d19e
14,01b6ae49-4c7a-4989-960b-4c5448b27faf
15,068b9a66-7408-4eb6-96dc-9405b543ba7e
16,06aac7bb-f54a-40ab-a3c0-9e558e43af03
17,04a6aa10-94b1-4d16-b4bb-570aaaa73ea8
18,028c710e-63d7-4e7f-b188-e2de980a14e3
19,01a3f55c-d018-4ecf-ae9b-c029c69c38a0
20,046cbbf9-4d77-4ea1-a8e5-ac91879df4f1
21,05f16c68-4145-4c38-9044-424a23db9ed6
22,02071218-77af-49ae-bf49-3872a28f9e0c
23,07502896-197b-4463-a392-d2113807d689
24,030c4675-7812-4fba-8190-b5011b64892b
25,0039192c-6b8e-4ebf-a90d-5d3983200fb9
26,0182d6fa-3c6f-47bb-afcd-15591596c7d4
27,03a7d1c7-0382-4acc-9536-7f91493043c4
28,0349ff75-e9f8-4dcc-8e41-56182e1e90ca
29,01da4daa-b6f4-4489-9169-3eefaa5383da
30,04f4b732-1520-4212-9149-f5f3aa3f3303
31,07d06794-3087-437f-b3ed-6aee52641254
32,01008e91-a518-433d-9cd9-2381b4b754b5
33,01479c17-3a36-479a-8892-c106f5e239c2
34,064f393a-497d-4508-9100-72c30e378b1a
35,07977d1a-e72b-4413-87f3-d9f239212b06
36,0802ccbf-e9eb-4822-a9af-9adf3eea48ee
37,0723d022-3183-45dc-8670-b3ad1babae87
38,01a2583a-9371-479f-ab5d-03586e8d4b2d
39,002eca9b-3787-4ca3-8d4b-07cb4d55d332
40,020fc30c-cba0-4dd6-b439-f3acd393aba6
41,05efee70-176e-4dab-bb98-23416cd76934
42,048995ca-8225-44d4-aba3-cd9db40439db
43,06ed60a4-5ff6-4329-bed3-7ed42618dba6
44,02b45f03-0f4f-461e-bdd0-3f8ec07b9e30
45,0635dcb9-ee50-4a46-83a0-ae9820453432
46,008b15bb-ebbc-4bd0-8bca-e5e01d509ff2
47,00fa2b34-74a2-4fc6-a86a-0aefce046746
48,004d95cc-e7cf-4ed3-a809-6881c0c721f7
49,3e2c981a-d692-4046-973d-02f4265c3aec
50,05692068-ff0d-4662-b5bf-2f084e5f27e7
51,051b2e17-9a67-4615-b6df-2e635cf918cb
52,060da8cf-5ebe-4f66-9cb4-9ed4100ec6bb
53,06ac0e1c-1a80-421c-b4b6-cd88ead07a78
54,04f51717-edc8-4059-a796-b606adfd16af
55,0088eb17-57aa-43fa-a8d1-9f91d38e0331
56,082e8e8a-fa88-4454-9461-ee3d225c0161
57,023121f4-b405-49dc-b5b6-10fd101c6bef
58,02f028ff-a835-4d06-9e2b-b9181520b073
59,0cf3e05a-8c88-43e7-b401-f417ae5d240d
60,0c25fbb5-8699-49b6-8e3b-97cf26ec26cb
61,0f0e5325-e7df-4e4f-85f2-8351758407a7
62,0a418d63-6776-4841-b5ea-8871d2d563c5
63,0888c63d-330a-499a-9d46-b5b80926189d
64,0c61f72c-d162-4672-b8e0-dfada9ae1621
65,09097e63-4c58-4847-9c62-c096cf8601ba
66,0a65162c-2fe7-4a91-90d4-f49852f7d659
67,0b7c3ab0-db29-4488-b7c6-48353d978c0e
68,0e9dc94d-c7b9-436d-9c69-2ce215cd7bb4
69,0a40c2c3-072d-48f7-b75d-cb8382df6568
70,0ae1f79a-0a8e-4cfc-90c2-f892de12f88f
71,0c61f690-57c8-4199-b8e9-f97f5a483aad
72,09b829b9-5b8a-45c9-9cb5-247d183ed658
73,0e5da277-9daf-42e1-9d54-963c4d8d79c0
74,0d56cc40-0f01-4e58-8bab-409de18bb358
75,0a8d42d5-3015-434c-a21b-5200138e0e37
76,0971b19c-dad5-406a-a36a-120973542a2e
77,0b2145a3-f3db-4bc1-9638-73207f084356
78,08bbde9c-e005-4c58-9ce1-ec42e95037b9
79,0b26b745-8619-497e-b6e0-cb269ecca4fe
80,0838e0f0-6ff9-45c7-8c27-72e3651cd2ab
81,0a5de26b-adf7-4a84-849a-5a5a4a76d11b
82,0f3ff1ce-e43e-4abb-bf79-20251d53f58d
83,0b0ba725-ad85-4c29-b35c-da5bb1586e57
84,0a4521e0-3d26-4eb8-9ab3-7878435430ee
85,0c8ab536-10fb-4605-8ac0-a6cbff3f6085
86,0be3ee63-de87-415d-9114-41b48bfef9eb
87,0874d206-3865-421f-bff4-3a4cded64e79
88,0cad75db-f5c4-40b3-8fdd-c3c3bf2f0978
89,0d432a0b-fa0a-4226-adca-e515512ca9c1
90,0e958367-d0f4-4482-9a6a-8be39754d10e
91,0ed08f4a-becd-47e1-bb49-44dd24049875
92,0e142258-783a-47e8-9b05-a3d784d9b8a9
93,08ccbd1c-87bf-4c36-9c09-c509222e4cf5
94,08384987-d9e3-45ce-8731-f6ebc2922ade
95,0a5f48eb-ea32-4d4b-bea8-37d1373eed51
96,13b0dec7-ab98-443b-8fd6-9167796aab2f
97,14e806d9-2836-463c-9d91-8425ea6e80ec
98,156042f0-0c47-42d0-ba29-578a8073975f
99,13092cc5-c925-4af2-a333-0e31f8c92a22
100,15cba078-538d-448c-afc1-e389ea15be97
101,1675870e-d0b9-45a6-8b4a-8ac7fd683c3d
102,1129fc59-a6e4-4ce7-8121-f6b3120665be
103,12aefdce-f853-4050-ae6d-81a5eeeb7724
104,1532fd21-aaa3-49d6-acfb-571f8b1f15f1
105,169ef2f0-23e1-4142-a1fe-be16d2f89d10
106,10a8a50e-fc14-4bdc-bdd4-edecc259c98e
107,12a9c6d0-d1fe-4088-a18e-1cce283cf789
108,101223b2-9bbb-4171-a368-50afed5c0dc2
109,155bfc02-aaa1-42c0-b2a0-3bf55d68afbc
110,0fbedcf9-1a1a-4d75-992e-880f114205af
111,1326ec82-7bad-4f26-a721-bdd11144bd5e
112,13866871-7ad7-4378-9547-e01e8214d3b0
113,2073c136-ed9e-4676-afd2-cdb7d7b460c0
114,1c010bac-43ce-438b-97d1-31a671a0eb42
115,211577c2-303f-4a9b-8a45-aeb4848edf55
116,20d094b3-3aff-4e3f-9e4d-c9591a99e6a9
117,19501da8-cf94-4546-a2f6-ddfcacc52f16
118,1abc31ae-96d5-4d24-b003-3e20349725cc
119,191757b5-644c-4086-b438-bbc5e9a9cf43
120,20ff7956-bcc3-4469-866d-39519af1705b
121,1c1eab19-d668-46c2-9e0d-b6084cb4e219
122,1bd6f95b-2ee5-4805-b5b3-2f29df5875c1
123,1ddbb1cf-2d1e-4cef-a742-7ae4bb31e5fe
124,1db899c6-0b2d-42b2-a94f-8a90c6ff33b5
125,27c42623-df6d-4e66-a831-4e4ef987ffa6
126,22c60533-88bc-41f4-90fd-1ace8be57fc6
127,22ab8a7a-5bfb-47d3-b7c1-bdddaf563881
128,23929f32-088a-46bb-89ec-71d43157c5a3
129,263b7a05-df61-48c2-a26c-297909169c1a
130,25d353a9-6576-44ca-b862-c137af013169
131,2559ad29-ca7f-494a-839c-3063e2be9e57
132,2682d239-89a5-4add-8f7c-15d62b455d0d
133,2713d17e-b8b3-498c-a8b6-eed590542ec1
134,24ca47a5-c721-40e4-b525-74b6744b0c5b
135,22bad0d2-ae8f-43c1-a49f-fe9768f3efab
136,21f55145-6cc2-4603-9c87-d0db67a987b1
137,2f635ea4-c51d-4b0f-bf5d-74911a5552a1
138,2c08b191-62b9-46e8-84e4-364373983408
139,2ee7ffe5-1f43-4a6d-aad3-b2f77b6f64e0
140,2ebc2acf-8097-40bc-b283-b801fc9559de
141,2f05dbae-ea8b-4330-a13b-caff2176f13e
142,2ffcfd5e-d93d-4708-b075-f630efa0ebe3
143,29d40575-58cf-4cdb-a434-e5cbb20ae989
144,2ea2311b-0bf1-4933-8061-7419ba865dac
145,2e392281-9959-49f3-9a90-4e5f2e1d904c
146,2d2e426c-c6fa-4c60-b135-a9c6777913fd
147,30d90241-cbdd-4e36-8e6e-316d8027752f
148,2c577828-f3a5-48d1-9b38-3962ac69096f
149,2bf02c95-447d-45e4-bfdf-8ae94eb06323
150,2e70af10-f3ff-401d-8c18-2dbc7b8f3b64
151,2bbec64a-9f99-4f08-9d68-02cd14c0adde
152,2a8e2e20-f786-4f8e-a8cc-93a254c06af8
153,293442de-0c64-4c16-9861-59d9105da49f
154,29b2a6ae-25e6-4d6d-92ad-8bc0a97f5c65
155,32360aa3-256f-4c7b-bc4e-0bd358a5a9c3
156,34e7439a-8d46-4c64-8a25-74ad947415b5
157,340dc35f-9f78-4913-b946-646e05d62c34
158,34ccf75f-1f57-4f99-af4a-ab418f89f4c2
159,3212b7ff-2de5-4123-8701-d2a860094a9c
160,3bf0a0a3-4460-40d4-83ab-4b415d5dc7f5
161,3d18fc8b-0f33-4630-b0a0-e7a4425118ba
162,40df61f0-5984-4074-830b-55e8af3e1a90
163,3ae5971a-74c5-4e29-af7b-673da10fe16b
164,4102b1c6-0990-4922-8010-5b9123d97058
165,3ead8a55-60a6-4b98-97a2-93d723b3e394
166,3d4873fb-befc-4ca8-9dfa-11c200c2d736
167,3a1e071c-444e-47ad-a6da-4906ddf1e45f
168,3e7e7324-765a-4f17-83b0-c56fc850237d
169,40c74da6-8c0e-43d9-b2b3-429cb82410b9
170,413429c3-d895-4913-8f5f-457a4e673b9d
171,442ce9d1-39a5-46de-af88-a73c0cdd6e74
172,42820200-53dc-4637-8567-1942ed0c6e5a
173,4369fbd2-6d84-4596-a4a7-ec9fea0ca8c8
174,48285317-3ed3-4402-9716-e0bcbb1845cb
175,43af239d-c8ef-4bae-ae94-401ef2a92aaf
176,43e1692c-77a0-4593-9dfb-fa5a7ec28b68
177,44302e48-cf14-4bf0-813a-94789b8fd6b4
178,453711e4-458d-4c3c-8177-31261b105f8f
179,43884892-7c75-49ba-a79d-3c71403c53e4
180,47b9c391-91a9-4230-9947-4cd4b170f157
181,46e6ee75-90c6-4371-b7d4-f0dbfe3de86c
182,4cec78f4-125b-45fa-b5ed-ac6fda8eda65
183,4b6e95a7-4b03-42f1-98e5-0c99b31fe78c
184,4a9fa87c-82e0-48c6-95db-1e6e9a24001d
185,4cd7658f-7ad1-49ee-b753-ae8baca40639
186,50521929-0302-47c4-acf9-c1ca4e420162
187,4a8fb8fe-ba17-425c-bcd6-aa50097dffc0
188,527af22c-8778-4a27-9be7-daf7fc846265
189,553056d3-a1db-482e-baaf-f2f783e80f53
190,54545c9b-e6c4-4c9a-80ff-d5a665f97f7d
191,53786878-c142-4dc0-ab7a-ba7d90b333f7
192,59948a95-7d4c-4076-8067-01f5840d5dba
193,602539cb-bfe6-4e10-a972-47aac095ef2a
194,6a110663-5803-45de-b4e4-7e177ddba2ff
195,64e79c18-23d9-4538-8696-f8c602ca5485
196,6681cf30-609d-4302-846b-82550868c045
197,69c37ff4-81eb-4932-86bf-c76d3b01a061
198,668c67b8-af59-4c99-beef-b8b7b879f4b9
199,67370753-d39f-43e8-91e8-627dafb92b15
200,71fe73aa-d68d-4150-8477-2f592ee8c656
201,718fd143-e034-44d9-b6d8-1ed297c08e93
202,70b29965-acea-4edb-906a-3d9c390d6060
203,6cf9801d-e81e-4caf-be8b-df658a3ec3be
204,7630d592-38ea-4b74-ad35-6a421cc4e4dc
205,799e6f2c-5908-433f-90dd-d23c6bbed976
206,7861c1cb-3bdb-483d-a0b8-6afd3736886a
207,780d4a76-b4c5-4401-932a-b050bbedd1f7
208,75f7afb2-5e42-4cd5-86c7-f91ef2556476
209,766b6b23-07be-48f0-bf41-542e7cff5f95
210,7474d459-99b1-4513-b609-f8996a3adad9
211,7455a080-af51-4af0-b768-86d998e08f4f
212,80e7c59a-1177-4fa9-8c93-77910d2ac951
213,825e26e1-6c88-4d3c-8cbe-c41ae1a9e540
214,80781a36-de8d-4fe0-81a9-7984815cd02d
215,8500d040-4e32-4ce5-a65c-c401c1f071e2
216,883878e4-b1bd-4173-8bdc-e872944aa761
217,8826b1c9-134c-4afd-8a00-c7d21844ab32
218,88eee833-772d-48fd-8e13-4e4f6228f510
219,877fcd47-8a6c-47f2-aaeb-f5f4b0b78d47
220,8cf4d3a2-177c-416d-b78e-fca82e275a25
221,91e26264-35a3-4bd0-bfb9-aec70137e1ce
222,8faa6a6c-2a44-48bc-8331-ef4a214fcc8e
223,90b68799-8916-42cc-890c-e657b6329db5
224,94e72c13-3786-4239-bfa1-dac861bd0bdd
225,9884ca7f-690e-403f-8306-59d35d917929
226,98af5632-4b5b-4832-98e7-ded67b5007f9
227,a20be5c9-66f3-4378-abf3-fc5c49a0cec7
228,9c1dec6a-a752-46d7-af0a-819a73036a5b
229,a0657f2b-5625-4b96-a043-af2607dfd8de
230,9c6c2b79-4e83-4870-b4df-24404b08d01f
231,a4e9de70-2a95-474e-9b63-b99725165a0d
232,a6252aca-b0e8-4ca3-be58-98e8f966bae8
233,aebf00c9-5bf1-41bc-967e-a0a0c14532c7
234,bc7d6d92-030d-4d4c-a3a9-d666c682835d
235,bc8c0893-c046-4cd6-918f-06f2eac451cc
236,ba73acc8-8ff6-4ad3-bfca-7fd146aae768
237,be424745-18cf-4b22-b593-3674f8e886d7
238,ca810c6f-5336-409a-ad57-b474618e4074
239,ceb99fae-bd17-4207-8a55-6a8b0ddfb84d
240,cb6c4daa-67a8-44d0-bdc5-b456179eda0f
241,dd7b688d-a4a2-4fde-ba23-c243a321631e
242,dca6a4ae-4887-4bbe-b2fc-b46a956db355
243,e19c7b99-ea17-4178-aa6d-72a8ca184640
244,e33509f3-1faf-4cbd-a388-aaaba428238a
245,ec97e9f5-074e-4c1a-a746-78a741f064ba
246,ee928b99-46e0-466d-ad70-7a22900cd610
247,e831aeeb-6fcf-47aa-a1fa-557e398e58aa
248,ec698bd4-8f8e-4ffa-a2e0-0fb50c2c2c2a
249,f30fe41d-b913-41cd-835a-36e643123b93
250,fd32308f-78ca-434b-b943-f95ff1c2bd2d
251,fffe5619-0f74-4c1d-8168-25c5da6531a2
252,10682c38-ce20-425a-bb7e-b7488b02e199
253,2c89d748-22c4-45ac-bfe8-4bc60b877490
254,a29f461a-035e-4800-9557-f5038e3d0209
255,2e730ba8-7c68-417f-98bb-5f5ba795e34c
256,db5375d4-b23b-4440-995a-0be2e61274da
257,30d3e70d-b2d7-46e9-a011-31b0a91b8ce4
258,2fe9046c-a237-41c3-8cfc-f4e9eb3c45ad
259,9d055cea-17f0-4467-abb6-905efec5a29b
260,52323443-b13e-4e97-b06d-0e3bf050c57a
261,9c291909-f47a-4cec-9b91-74323cedcbec
262,3402aeda-0388-4ea7-9695-ec7ee589d8b3
263,af499c9b-54db-4bf6-a229-8888366d62ba
264,b9af97ca-e279-4872-9d54-de02f19afdea
265,55092500-5335-405a-9f0c-4a1830e12794
266,3111af8e-1326-45dd-a9b6-b95fd2eb11e4
267,73c5f615-feb1-4399-8dc2-63aee58e2ec6
268,729ba214-1da7-48f3-9fab-8be118906f8c
269,cc1b0977-b671-4c57-8c8b-5edc09d7eafd
